[{"code":"//copyright holder","color":"#FFE91E63","name":"This blocks is Made by Arkanghel \u0026 Cyber Alpha","typeName":"","palette":"15","type":"h","spec":"This blocks is Made by Arkanghel \u0026 Cyber Alpha"},{"code":"startActivity(new Intent(%1$s.this, %2$s.class)); %3$s(%1$s.this);","color":"#FFE91E63","name":"Animatoo : )","typeName":"","palette":"15","type":" ","spec":"Animatoo Transition \u003e\u003e  Main%m.activity Target %m.activity  Style %s "},{"code":"//animatonstyles","color":"#FFE91E63","name":"stype animato","typeName":"","palette":"15","type":"h","spec":"Animatoo Styles "},{"code":"Animatoo.animateZoom","color":"#FFE91E63","name":"zoom animatoo","typeName":"","palette":"15","type":"s","spec":"Zoom"},{"code":"Animatoo.animateFade","color":"#FFE91E63","name":"animato faded","typeName":"","palette":"15","type":"s","spec":"Fade"},{"code":"Animatoo.animateWindmill","color":"#FFE91E63","name":"animato windmill","typeName":"","palette":"15","type":"s","spec":"Windmill"},{"code":"Animatoo.animateSpin","color":"#FFE91E63","name":"animato spin","typeName":"","palette":"15","type":"s","spec":"Spin"},{"code":"Animatoo.animateDiagonal","color":"#FFE91E63","name":"Diagonal animatoo","typeName":"","palette":"15","type":"s","spec":"Diagonal"},{"code":"Animatoo.animateSplit","color":"#FFE91E63","name":"animto split","typeName":"","palette":"15","type":"s","spec":"Split"},{"code":"Animatoo.animateShrink","color":"#FFE91E63","name":"shrink animato","typeName":"","palette":"15","type":"s","spec":"Shrink"},{"code":"Animatoo.animateCard","color":"#FFE91E63","name":"animat card","typeName":"","palette":"15","type":"s","spec":"Card"},{"code":"Animatoo.animateInAndOut","color":"#FFE91E63","name":"in out animato","typeName":"","palette":"15","type":"s","spec":"In And Out"},{"code":"Animatoo.animateSwipeLeft","color":"#FFE91E63","name":"animato swipe left","typeName":"","palette":"15","type":"s","spec":"Swipe Left"},{"code":"Animatoo.animateSwipeRight","color":"#FFE91E63","name":"swipe right animato","typeName":"","palette":"15","type":"s","spec":"Swipe Right"},{"code":"Animatoo.animateSlideLeft","color":"#FFE91E63","name":"slide Left animato","typeName":"","palette":"15","type":"s","spec":"Slide Left"},{"code":"Animatoo.animateSlideRight","color":"#FFE91E63","name":"right animato slide","typeName":"","palette":"15","type":"s","spec":"Slide Right"},{"code":"Animatoo.animateSlideDown","color":"#FFE91E63","name":"Animatoo Slide Down","typeName":"","palette":"15","type":"s","spec":"Slide Down"},{"code":"Animatoo.animateSlideUp","color":"#FFE91E63","name":"Animatoo Slide Up","typeName":"","palette":"15","type":"s","spec":"Slide Up"}]