[{"code":"String uri \u003d \"%1$s\";\nandroid.content.pm.PackageManager pm \u003d getPackageManager(); try { android.content.pm.PackageInfo pInfo \u003d pm.getPackageInfo(uri, android.content.pm.PackageManager.GET_ACTIVITIES); String version \u003d pInfo.versionName;%2$s.setText(version); } catch (android.content.pm.PackageManager.NameNotFoundException e) { }","color":"#C90300","name":"get version of app","typeName":"","palette":"17","type":" ","spec":"get version of app 👉 pkg name %s.inputOnly add to %m.textview"},{"code":"Uri packageURI \u003d Uri.parse(\"package:\".concat(\"%1$s\")); Intent uninstallIntent \u003d new Intent(Intent.ACTION_DELETE, packageURI); startActivity(uninstallIntent);\n","color":"#FF000000","name":"uninstall app with package name","typeName":"","palette":"17","type":" ","spec":"uninstall app 👉 pkg name %s.inputOnly "},{"code":"boolean isAppInstalled \u003d appInstalledOrNot(\"%1$s\"); \nif(isAppInstalled) {\nshowMessage(\"%2$s\");\n} else {showMessage(\"%3$s\");}\n}\nprivate boolean appInstalledOrNot(String uri) { android.content.pm.PackageManager pm \u003d getPackageManager(); try { pm.getPackageInfo(uri, android.content.pm.PackageManager.GET_ACTIVITIES); return true; } catch (android.content.pm.PackageManager.NameNotFoundException e) { } return false;","color":"#FF000000","name":"is app installed ?","typeName":"","palette":"17","type":" ","spec":"appInstalledOrNot %s.inputOnly if installed showMessage %s.inputOnly  else showMessage %s.inputOnly"},{"code":"Intent i \u003d getPackageManager().getLaunchIntentForPackage(\"%1$s\");\nif (i \u003d\u003d null) { return; } i.addCategory(Intent.CATEGORY_LAUNCHER);\nstartActivity(i);\n","color":"#ACC600","name":"open app specified app","typeName":"","palette":"17","type":" ","spec":"open app 👉 pkg name %s.inputOnly"},{"code":"Intent startupIntent \u003d new Intent(Intent.ACTION_MAIN); \t\tstartupIntent.addCategory(Intent.CATEGORY_LAUNCHER);  \t\tfinal android.content.pm.PackageManager pm \u003d getPackageManager(); \t\tList\u003candroid.content.pm.ResolveInfo\u003e activities \u003d pm.queryIntentActivities(startupIntent,0);   \t\tCollections.sort(activities, new Comparator\u003candroid.content.pm.ResolveInfo\u003e() {  \t\t\t\tpublic int compare(android.content.pm.ResolveInfo a, android.content.pm.ResolveInfo b) {  \t\t\t\t\tandroid.content.pm.PackageManager pm \u003d getPackageManager();  \t\t\t\t\treturn String.CASE_INSENSITIVE_ORDER.compare(  \t\t\t\t\t\ta.loadLabel(pm).toString(),  \t\t\t\t\t\tb.loadLabel(pm).toString());  \t\t\t\t}  \t\t\t});   \t\tArrayAdapter\u003candroid.content.pm.ResolveInfo\u003e adapter \u003d new ArrayAdapter\u003candroid.content.pm.ResolveInfo\u003e(  \t\t\tthis, android.R.layout.simple_list_item_1, activities) {  \t\t\tpublic View getView(int pos, View convertView, ViewGroup parent) { TextView tv \u003d new TextView(MainActivity.this);  \t\t\t\tandroid.content.pm.ResolveInfo ri \u003d getItem(pos);  \t\t\ttv.setText(ri.loadLabel(pm));  \tLinearLayout lin \u003d new LinearLayout(MainActivity.this);ImageView iv \u003d new ImageView(MainActivity.this);iv.setImageDrawable(ri.loadIcon(pm));lin.addView(iv);lin.addView(tv);tv.setGravity(Gravity.CENTER_VERTICAL);tv.setPadding(16,0,0,0);tv.setTextSize(16);tv.setLayoutParams(new LinearLayout.LayoutParams(LinearLayout.LayoutParams.MATCH_PARENT,LinearLayout.LayoutParams.MATCH_PARENT ));LinearLayout.LayoutParams p \u003d\tnew LinearLayout.LayoutParams(LinearLayout.LayoutParams.WRAP_CONTENT,LinearLayout.LayoutParams.MATCH_PARENT);p.width \u003d 70;p.height \u003d 70;p.bottomMargin \u003d 4;p.topMargin \u003d 4;iv.setLayoutParams(p);lin.setPadding(6,6,6,6);return lin;  \t\t\t}  \t\t};  \t\t%1$s.setAdapter(adapter); \t\t \t\t%1$s.setOnItemClickListener(new AdapterView.OnItemClickListener() {  \t\t\t\t@Override \t\t\t\tpublic void onItemClick(AdapterView adapter, View v, int position, long id) \t\t\t\t{ \t\t\t\t\tandroid.content.pm.ResolveInfo resolveInfo \u003d (android.content.pm.ResolveInfo)adapter.getItemAtPosition(position);  \t\t\t\t\tandroid.content.pm.ActivityInfo activityInfo \u003d resolveInfo.activityInfo;  \t\t\t\t\tif (activityInfo \u003d\u003d null) return;  \t\t\t\t\tIntent i \u003d new Intent(Intent.ACTION_MAIN);  \t\t\t\t\ti.setClassName(activityInfo.applicationInfo.packageName, activityInfo.name);  \t\t\t\t\tstartActivity(i); \t\t\t\t}  \t\t\t \t\t});;","color":"#ACC600","name":"app list with icon to launch in specified listview","typeName":"","palette":"17","type":" ","spec":"list of app with icon to launch %m.listview"},{"code":"Intent startupIntent \u003d new Intent(Intent.ACTION_MAIN); \t\tstartupIntent.addCategory(Intent.CATEGORY_LAUNCHER);  \t\tfinal android.content.pm.PackageManager pm \u003d getPackageManager(); \t\tList\u003candroid.content.pm.ResolveInfo\u003e activities \u003d pm.queryIntentActivities(startupIntent,0);   \t\tCollections.sort(activities, new Comparator\u003candroid.content.pm.ResolveInfo\u003e() {  \t\t\t\tpublic int compare(android.content.pm.ResolveInfo a, android.content.pm.ResolveInfo b) {  \t\t\t\t\tandroid.content.pm.PackageManager pm \u003d getPackageManager();  \t\t\t\t\treturn String.CASE_INSENSITIVE_ORDER.compare(  \t\t\t\t\t\ta.loadLabel(pm).toString(),  \t\t\t\t\t\tb.loadLabel(pm).toString());  \t\t\t\t}  \t\t\t});   \t\tArrayAdapter\u003candroid.content.pm.ResolveInfo\u003e adapter \u003d new ArrayAdapter\u003candroid.content.pm.ResolveInfo\u003e(  \t\t\tthis, android.R.layout.simple_list_item_1, activities) {  \t\t\tpublic View getView(int pos, View convertView, ViewGroup parent) {  \t\t\t\tView v \u003d super.getView(pos, convertView, parent);  \t\t\t\tTextView tv \u003d (TextView)v;  \t\t\t\tandroid.content.pm.ResolveInfo ri \u003d getItem(pos);  \t\t\t\ttv.setText(ri.loadLabel(pm));  \t\t\t\treturn v;  \t\t\t}  \t\t};  \t\t%1$s.setAdapter(adapter); \t\t \t\t%1$s.setOnItemClickListener(new AdapterView.OnItemClickListener() {  \t\t\t\t@Override \t\t\t\tpublic void onItemClick(AdapterView adapter, View v, int position, long id) \t\t\t\t{ \t\t\t\t\tandroid.content.pm.ResolveInfo resolveInfo \u003d (android.content.pm.ResolveInfo)adapter.getItemAtPosition(position);  \t\t\t\t\tandroid.content.pm.ActivityInfo activityInfo \u003d resolveInfo.activityInfo;  \t\t\t\t\tif (activityInfo \u003d\u003d null) return;  Uri packageURI \u003d Uri.parse(\"package:\".concat(activityInfo.applicationInfo.packageName)); Intent uninstallIntent \u003d new Intent(Intent.ACTION_DELETE, packageURI); startActivity(uninstallIntent);  \t\t\t\t}  \t\t\t \t\t});;","color":"#ACC600","name":"app list without icon to launch","typeName":"","palette":"17","type":" ","spec":"list of app without icon to launch %m.listview"},{"code":"Intent startupIntent \u003d new Intent(Intent.ACTION_MAIN); \t\tstartupIntent.addCategory(Intent.CATEGORY_LAUNCHER);  \t\tfinal android.content.pm.PackageManager pm \u003d getPackageManager(); \t\tList\u003candroid.content.pm.ResolveInfo\u003e activities \u003d pm.queryIntentActivities(startupIntent,0);   \t\tCollections.sort(activities, new Comparator\u003candroid.content.pm.ResolveInfo\u003e() {  \t\t\t\tpublic int compare(android.content.pm.ResolveInfo a, android.content.pm.ResolveInfo b) {  \t\t\t\t\tandroid.content.pm.PackageManager pm \u003d getPackageManager();  \t\t\t\t\treturn String.CASE_INSENSITIVE_ORDER.compare(  \t\t\t\t\t\ta.loadLabel(pm).toString(),  \t\t\t\t\t\tb.loadLabel(pm).toString());  \t\t\t\t}  \t\t\t});   \t\tArrayAdapter\u003candroid.content.pm.ResolveInfo\u003e adapter \u003d new ArrayAdapter\u003candroid.content.pm.ResolveInfo\u003e(  \t\t\tthis, android.R.layout.simple_list_item_1, activities) {  \t\t\tpublic View getView(int pos, View convertView, ViewGroup parent) { TextView tv \u003d new TextView(MainActivity.this);  \t\t\t\tandroid.content.pm.ResolveInfo ri \u003d getItem(pos);  \t\t\ttv.setText(ri.loadLabel(pm));  \tLinearLayout lin \u003d new LinearLayout(MainActivity.this);ImageView iv \u003d new ImageView(MainActivity.this);iv.setImageDrawable(ri.loadIcon(pm));lin.addView(iv);lin.addView(tv);tv.setGravity(Gravity.CENTER_VERTICAL);tv.setPadding(16,0,0,0);tv.setTextSize(16);tv.setLayoutParams(new LinearLayout.LayoutParams(LinearLayout.LayoutParams.MATCH_PARENT,LinearLayout.LayoutParams.MATCH_PARENT ));LinearLayout.LayoutParams p \u003d\tnew LinearLayout.LayoutParams(LinearLayout.LayoutParams.WRAP_CONTENT,LinearLayout.LayoutParams.MATCH_PARENT);p.width \u003d 70;p.height \u003d 70;p.bottomMargin \u003d 4;p.topMargin \u003d 4;iv.setLayoutParams(p);lin.setPadding(6,6,6,6);return lin;  \t\t\t}  \t\t};  \t\t%1$s.setAdapter(adapter); \t\t \t\t%1$s.setOnItemClickListener(new AdapterView.OnItemClickListener() {  \t\t\t\t@Override \t\t\t\tpublic void onItemClick(AdapterView adapter, View v, int position, long id) \t\t\t\t{ \t\t\t\t\tandroid.content.pm.ResolveInfo resolveInfo \u003d (android.content.pm.ResolveInfo)adapter.getItemAtPosition(position);  \t\t\t\t\tandroid.content.pm.ActivityInfo activityInfo \u003d resolveInfo.activityInfo;  \t\t\t\t\tif (activityInfo \u003d\u003d null) return;  \t\t\t\t\tUri packageURI \u003d Uri.parse(\"package:\".concat(activityInfo.applicationInfo.packageName)); Intent uninstallIntent \u003d new Intent(Intent.ACTION_DELETE, packageURI); startActivity(uninstallIntent); \t\t\t\t}  \t\t\t \t\t});;","color":"#ACC600","name":"app list with icon to uninstall (need to add permissions)","typeName":"","palette":"17","type":" ","spec":"app list with icon to uninstall %m.listview"},{"code":"Intent startupIntent \u003d new Intent(Intent.ACTION_MAIN); \t\tstartupIntent.addCategory(Intent.CATEGORY_LAUNCHER);  \t\tfinal android.content.pm.PackageManager pm \u003d getPackageManager(); \t\tList\u003candroid.content.pm.ResolveInfo\u003e activities \u003d pm.queryIntentActivities(startupIntent,0);   \t\tCollections.sort(activities, new Comparator\u003candroid.content.pm.ResolveInfo\u003e() {  \t\t\t\tpublic int compare(android.content.pm.ResolveInfo a, android.content.pm.ResolveInfo b) {  \t\t\t\t\tandroid.content.pm.PackageManager pm \u003d getPackageManager();  \t\t\t\t\treturn String.CASE_INSENSITIVE_ORDER.compare(  \t\t\t\t\t\ta.loadLabel(pm).toString(),  \t\t\t\t\t\tb.loadLabel(pm).toString());  \t\t\t\t}  \t\t\t});   \t\tArrayAdapter\u003candroid.content.pm.ResolveInfo\u003e adapter \u003d new ArrayAdapter\u003candroid.content.pm.ResolveInfo\u003e(  \t\t\tthis, android.R.layout.simple_list_item_1, activities) {  \t\t\tpublic View getView(int pos, View convertView, ViewGroup parent) {  \t\t\t\tView v \u003d super.getView(pos, convertView, parent);  \t\t\t\tTextView tv \u003d (TextView)v;  \t\t\t\tandroid.content.pm.ResolveInfo ri \u003d getItem(pos);  \t\t\t\ttv.setText(ri.loadLabel(pm));  \t\t\t\treturn v;  \t\t\t}  \t\t};  \t\t%1$s.setAdapter(adapter); \t\t \t\t%1$s.setOnItemClickListener(new AdapterView.OnItemClickListener() {  \t\t\t\t@Override \t\t\t\tpublic void onItemClick(AdapterView adapter, View v, int position, long id) \t\t\t\t{ \t\t\t\t\tandroid.content.pm.ResolveInfo resolveInfo \u003d (android.content.pm.ResolveInfo)adapter.getItemAtPosition(position);  \t\t\t\t\tandroid.content.pm.ActivityInfo activityInfo \u003d resolveInfo.activityInfo;  \t\t\t\t\tif (activityInfo \u003d\u003d null) return;  \t\t\t\t\tIntent i \u003d new Intent(Intent.ACTION_MAIN);  \t\t\t\t\ti.setClassName(activityInfo.applicationInfo.packageName, activityInfo.name);  \t\t\t\t\tstartActivity(i); \t\t\t\t}  \t\t\t \t\t});;","color":"#ACC600","name":"app list without icon to uninstall (need permissions)","typeName":"","palette":"17","type":" ","spec":"app list without icon to uninstall %m.listview"},{"code":"boolean isAppInstalled \u003d appInstalledOrNot(\"%1$s\"); // Ɏ ?Ꭽ쎭掭?\r\nif(isAppInstalled) {\r\n%2$s\r\n} else { %3$s }}\r\n\r\nprivate boolean appInstalledOrNot(String uri) { android.content.pm.PackageManager pm \u003d getPackageManager(); try { pm.getPackageInfo(uri, android.content.pm.PackageManager.GET_ACTIVITIES); return true; } catch (android.content.pm.PackageManager.NameNotFoundException e) { } return false;","color":"#41DE23","typeName":"","name":"check if app installed then ","palette":"17","type":"e","spec":"check if app(PkgName) %s.inputOnly is installed then/else","spec2":"else"},{"code":"String apk \u003d \"\";\r\nString uri \u003d (\"%1$s\");\r\n\r\ntry {\r\nandroid.content.pm.PackageInfo pi \u003d getPackageManager().getPackageInfo(uri, android.content.pm.PackageManager.GET_ACTIVITIES);\r\n\r\napk \u003d pi.applicationInfo.publicSourceDir;\r\n} catch (Exception e) {\r\nshowMessage(e.toString());\r\n}\r\nIntent %3$s \u003d new Intent(Intent.ACTION_SEND);\r\n%3$s.setType(\"*/*\");\r\n%3$s.putExtra(Intent.EXTRA_STREAM, Uri.fromFile(new java.io.File(apk)));\r\n\r\nstartActivity(Intent.createChooser(%3$s, \"%2$s\"));","color":"#000000","name":"share apk by package name","typeName":"","palette":"17","type":" ","spec":"share apk (pkg name) %s.inputOnly SetMessage %s.inputOnly %m.intent"}]