[{"code":"final AlertDialog %1$s \u003d new AlertDialog.Builder(%2$s.this).create();","name":"CreateCustomDialog","palette":"9","type":" ","spec":"AlertDialog %s.inputOnly at %m.activity create"},{"code":"getLayoutInflater().inflate(R.layout.%2$s, null);\n%1$s.setView(inflate);","color":"#FF6E17FF","name":"LayoutInflateDialog","typeName":"","palette":"9","type":" ","spec":"LayoutInflaterDialog name %s.inputOnly nameCustomView %s.inputOnly"},{"code":"TextView %1$s \u003d (TextView)\nconvertView.findViewById(R.id.%1$s);","name":"WidgetTextView","palette":"9","type":" ","spec":"WidgetTextView name %s.inputOnly"},{"code":"ImageView %1$s \u003d (ImageView)\nconvertView.findViewById(R.id.%1$s);","name":"WidgetImageView","palette":"9","type":" ","spec":"WidgetImageView name %s.inputOnly"},{"code":"Button %1$s \u003d (Button) inflate.findViewById(R.id.%1$s);","color":"#FF6E17FF","name":"WidgetButton","typeName":"","palette":"9","type":" ","spec":"WidgetButton name %s.inputOnly"},{"code":"LinearLayout %1$s \u003d (LinearLayout)\nconvertView.findViewById(R.id.%1$s);","name":"WidgetLinearLayout","palette":"9","type":" ","spec":"WidgetLinearLayout name %s.inputOnly"},{"code":"EditText %1$s \u003d (EditText)\nconvertView.findViewById(R.id.%1$s);","name":"WidgetEditText","palette":"9","type":" ","spec":"WidgetEditText name %s.inputOnly"},{"code":"ProgressBar %1$s \u003d (ProgressBar)\nconvertView.findViewById(R.id.%1$s);","name":"WidgetProgressBar","palette":"9","type":" ","spec":"WidgetProgressBar name %s.inputOnly"},{"code":"Switch %1$s \u003d (Switch)\nconvertView.findViewById(R.id.%1$s);","name":"WidgetSwitch","palette":"9","type":" ","spec":"WidgetSwitch name %s.inputOnly"},{"code":"%1$s.setOnClickListener(new View.OnClickListener() {\r\n\t\t\t@Override\r\n\t\t\tpublic void onClick(View _view) {\r\n\t\t\t\t%2$s\r\n\t\t\t}\r\n\t\t});","name":"ViewOnClick","palette":"9","type":"c","spec":"%s.inputOnly onClickListener"},{"code":"%1$s.setText(%2$s);","name":"SetText","palette":"9","type":" ","spec":"%s.inputOnly setText %s"},{"code":"%1$s.setProgress((int)%2$s);","name":"setProgress","palette":"9","type":" ","spec":"ProgressBar %s.inputOnly setProgress %d"},{"code":"%1$s.setImageResource(R.drawable.%2$s);","name":"SetImageFromResource","palette":"9","type":" ","spec":"Image %s.inputOnly setFromRes %m.resource"},{"code":"%1$s.setImageBitmap(FileUtil.decodeSampleBitmapFromPath(FileUtil.getExternalStorageDir().concat(%2$s), 1024, 1024));","name":"SetImageFromPath","palette":"9","type":" ","spec":"Image %s.inputOnly setFromPath %s"},{"code":"Glide.with(getApplicationContext()).load(Uri.parse(%2$s)).into(%1$s);","name":"SetImageFromURL","palette":"9","type":" ","spec":"Image %s.inputOnly setFromURL %s"},{"code":"%1$s.setChecked(%2$s);","name":"SwitchSetCheck","palette":"9","type":" ","spec":"Switch %s.inputOnly SetCheck%b"},{"code":"%1$s.setOnCheckedChangeListener(new CompoundButton.OnCheckedChangeListener() {\r\n\t\t\t@Override\r\n\t\t\tpublic void onCheckedChanged(CompoundButton _param1, boolean _param2)  {\r\n\t\t\t\tfinal boolean _isChecked \u003d _param2;\r\n\t\t\t\tif (_isChecked) {\r\n\t\t\t\t\t%2$s\r\n\t\t\t\t}\r\n\t\t\t\telse {\r\n\t\t\t\t\t%3$s\r\n\t\t\t\t}\r\n\t\t\t}\r\n\t\t});","name":"SwitchListener","palette":"9","type":"e","spec":"Switch %s.inputOnly onCheckChange ifChecked"},{"code":"%1$s.addTextChangedListener(new TextWatcher() {\r\n\t\t\t@Override\r\n\t\t\tpublic void onTextChanged(CharSequence _param1, int _param2, int _param3, int _param4) {\r\n\t\t\t\tfinal String _charSeq \u003d _param1.toString();\r\n\t\t\t\t%2$s\r\n\t\t\t}\r\n\t\t\t@Override\r\n\t\t\tpublic void beforeTextChanged(CharSequence _param1, int _param2, int _param3, int _param4) {\r\n\t\t\t\t\r\n\t\t\t}\r\n\t\t\t\r\n\t\t\t@Override\r\n\t\t\tpublic void afterTextChanged(Editable _param1) {\r\n\t\t\t\t\r\n\t\t\t}\r\n\t\t});","name":"addTextChangedListener","palette":"9","type":"c","spec":"EditText %s.inputOnly getStringText  _charSeq"},{"code":"_charSeq","name":"_charSeq","palette":"9","type":"s","spec":"_charSeq"},{"code":"LottieAnimationView %1$s \u003d new LottieAnimationView(%2$s.this);\n%1$s.setAnimation(%3$s);\n%1$s.setLayoutParams(new LinearLayout.LayoutParams(-1, -1));\n%1$s.setRepeatCount(-1);\n%1$s.setRepeatMode(com.airbnb.lottie.LottieDrawable.RESTART);\n%4$s.addView(%1$s);\n%1$s.playAnimation();","name":"addLottieWidget","palette":"9","type":" ","spec":"Lottie name %s.inputOnly at %m.activity assetsFile %s inflateToLayout %s.inputOnly"},{"code":"%1$s.setCancelable(%2$s);","name":"DialogCancelable","palette":"9","type":" ","spec":"Dialog %s.inputOnly setCancelable %b"},{"code":"%1$s.show();","name":"DialogShow","palette":"9","type":" ","spec":"Dialog %s.inputOnly show"},{"code":"%1$s.dismiss();","name":"DialogDismiss","palette":"9","type":" ","spec":"Dialog %s.inputOnly dismiss"},{"code":"%1$s.getProgress();","name":"ProgressBarGetProgress","palette":"9","type":"d","spec":"%s.inputOnly getProgress"},{"code":"%1$s.setMax((int)%2$s);","name":"ProgressBarSetMax","palette":"9","type":" ","spec":"ProgressBar %s.inputOnly setMax %d"},{"code":"%1$s.setShowSoftInputOnFocus(%2$s);","name":"EditTextKeyBoard","palette":"9","type":" ","spec":"EditText %s.inputOnly keyBoard %b"},{"code":"%1$s","name":"asdLinearLayout","typeName":"LinearLayout","palette":"9","type":"v","spec":"LinearLayout %s.inputOnly"},{"code":"%1$s.getWindow().setBackgroundDrawableResource(android.R.color.transparent);","name":"DialogSetTransparent","palette":"9","type":" ","spec":"%s.inputOnly set TransparentColor"},{"code":"%1$s","name":"asdTextView","typeName":"TextView","palette":"9","type":"v","spec":"TextView %s.inputOnly"},{"code":"WebView %1$s \u003d (WebView)\nconvertView.findViewById(R.id.%1$s);","name":"WidgetWebView","palette":"9","type":" ","spec":"WidgetWebView name %s.inputOnly"},{"code":"%1$s","name":"asdImageView","typeName":"ImageView","palette":"9","type":"v","spec":"ImageView %s.inputOnly"},{"code":"Window window \u003d %1$s.getWindow();\nWindowManager.LayoutParams wlp \u003d window.getAttributes();\n\nwlp.gravity \u003d Gravity.%2$S;\nwlp.flags \u0026\u003d ~WindowManager.LayoutParams.FLAG_DIM_BEHIND;\nwindow.setAttributes(wlp);","name":"DialogPosition","palette":"9","type":" ","spec":"Dialog %s.inputOnly setPosition %s.inputOnly"},{"code":"%1$s","name":"asdEditText","typeName":"EditText","palette":"9","type":"v","spec":"EditText %s.inputOnly"},{"code":"TextInputLayout %1$s \u003d (TextInputLayout)\nconvertView.findViewById(R.id.%1$s);","name":"WidgetTextInputLayout","palette":"9","type":" ","spec":"WidgetTextInputLayout name %s.inputOnly"},{"code":"%1$s","name":"asdTextInputLayout","typeName":"TextInputLayout","palette":"9","type":"v","spec":"TextInputLayout %s.inputOnly"},{"code":"%1$s.setDefaultHintTextColor(%2$s);","name":"ColorTextInputLayout","palette":"9","type":" ","spec":"%m.TextInputLayout setHintTextColor ColorState %s.inputOnly"},{"code":"%1$s.requestWindowFeature(Window.FEATURE_NO_TITLE);  %1$s.getWindow().setBackgroundDrawable(new android.graphics.drawable.ColorDrawable(Color.TRANSPARENT));","color":"#FF6E17FF","name":"transparent","typeName":"","palette":"9","type":" ","spec":"Transparent dialog name %s.inputOnly  dialog name %s.inputOnly "}]