[{"code":"","color":"#FF8E24AA","name":"Added By Jawad al kharrati","typeName":"","palette":"19","type":"h","spec":"Added By Arabic Ware Team By Jawad Al Kharrati"},{"code":"%2$s.setIcon(R.drawable.%1$s);","color":"#FF8E24AA","name":"Dialog Icon image","typeName":"","palette":"19","type":" ","spec":"add icon %m.resource to %m.dialog"},{"code":"%2$s.setView(%1$s);","color":"#FF8E24AA","name":"Dialog View","typeName":"","palette":"19","type":" ","spec":"add %m.view into %m.dialog"},{"code":"%s.setCancelable(%s);","color":"#FF8E24AA","name":"Cancelable","typeName":"","palette":"19","type":" ","spec":"set %m.dialog cancelable as %b"},{"code":"%1$s.dismiss();","color":"#FF8E24AA","name":"Dialog close","typeName":"","palette":"19","type":" ","spec":"Close %m.dialog"},{"code":"%1$s \u003d new AlertDialog.Builder(this,AlertDialog.THEME_TRADITIONAL);","color":"#FF8E24AA","name":"Dialog Theme 1","typeName":"","palette":"19","type":" ","spec":"%m.dialog set theme ( Beautiful Dark Mode )"},{"code":"%1$s \u003d new AlertDialog.Builder(this,AlertDialog.THEME_DEVICE_DEFAULT_DARK);","color":"#FF8E24AA","name":"Dialog Theme 2","typeName":"","palette":"19","type":" ","spec":"%m.dialog set theme ( Holo Dark )"},{"code":"%1$s \u003d new AlertDialog.Builder(this,AlertDialog.THEME_HOLO_LIGHT);","color":"#FF8E24AA","name":"Dialog Theme 3","typeName":"","palette":"19","type":" ","spec":"%m.dialog set theme ( Holo Light )"},{"code":"%1$s \u003d new AlertDialog.Builder(this,AlertDialog.THEME_DEVICE_DEFAULT_DARK);","color":"#FF8E24AA","name":"Dialog Theme 4","typeName":"","palette":"19","type":" ","spec":"%m.dialog set theme ( Default Dark )"},{"code":"%1$s \u003d new AlertDialog.Builder(this,AlertDialog.THEME_DEVICE_DEFAULT_LIGHT);","color":"#FF8E24AA","name":"Dialog Theme 5","typeName":"","palette":"19","type":" ","spec":"%m.dialog set theme ( Default Light )"}]