[{"code":"Intent sendIntent \u003d new Intent();\n\nsendIntent.setAction(Intent.ACTION_SEND);\n\nsendIntent.putExtra(Intent.EXTRA_TEXT, %1$s);\n\nsendIntent.setType(\"text/plain\");\n\nIntent shareIntent \u003d Intent.createChooser(sendIntent,\"Share Using\");\n\n\nstartActivity(shareIntent);","color":"#AB47BC","name":"share text","typeName":"","palette":"12","type":" ","spec":"Share Text %s.inputOnly"},{"code":"Intent i \u003d getPackageManager().getLaunchIntentForPackage(\"%1$s\"); if (i \u003d\u003d null) { return; } i.addCategory(Intent.CATEGORY_LAUNCHER); startActivity(i);","color":"#AB47BC","name":"launch","typeName":"","palette":"12","type":" ","spec":"launch package: %s.inputOnly"},{"code":"%1$s.setTitle(\"Exit?\");\r\n%1$s.setMessage(\"Are You Sure To Exit?\");\r\n%1$s.setPositiveButton(\"Yes\", new DialogInterface.OnClickListener() {\n\t@Override\n\tpublic void onClick(DialogInterface _dialog, int _which) {\n\t\tfinishAffinity();\n\t}\n});\r\n%1$s.setNegativeButton(\"No\", new DialogInterface.OnClickListener() {\n\t@Override\n\tpublic void onClick(DialogInterface _dialog, int _which) {\n\t\t\n\t}\n});\r\n%1$s.create().show();","color":"#AB47BC","name":"exit dialog","typeName":"","palette":"12","type":" ","spec":"Exit App %m.dialog"},{"code":"%1$s.setTitle(\"%2$s\");\r\n%1$s.setMessage(\"%3$s\");\r\n%1$s.setPositiveButton(\"%4$s\", new DialogInterface.OnClickListener() {\n\t@Override\n\tpublic void onClick(DialogInterface _dialog, int _which) {\n\t\tfinishAffinity();\n\t}\n});\r\n%1$s.setNegativeButton(\"%5$s\", new DialogInterface.OnClickListener() {\n\t@Override\n\tpublic void onClick(DialogInterface _dialog, int _which) {\n\t\t\n\t}\n});\r\n%1$s.create().show();","color":"#AB47BC","name":"dialog","typeName":"","palette":"12","type":" ","spec":"%m.dialog Title %s.inputOnly Message %s.inputOnly Ok btn: %s.inputOnly No btn: "}]