[{"code":"","color":"#FF00BCD4","name":"","typeName":"","palette":"23","type":"h","spec":"Added By Kurdish Team ( Amin , Muhammed)"},{"code":"try {\n    Intent intent \u003d new Intent(Intent.ACTION_VIEW, Uri.parse(\"%s\"));\n    startActivity(intent);\n} catch(Exception e) {\n    startActivity(new Intent(Intent.ACTION_VIEW, Uri.parse(\"http://www.facebook.com/appetizerandroid\")));\n}","color":"#FF1092F4","name":"Facebook","typeName":"","palette":"23","type":" ","spec":"Intent Facebook URL %s.inputOnly "},{"code":"Uri uri \u003d Uri.parse(\"%s\"); Intent likeIng \u003d new Intent(Intent.ACTION_VIEW, uri); likeIng.setPackage(\"com.instagram.android\"); try { startActivity(likeIng); } catch (ActivityNotFoundException e) { startActivity(new Intent(Intent.ACTION_VIEW, Uri.parse(\"https://t.me/sketchware_kurdish\"))); }","color":"#FFE91E63","name":"Instagram","typeName":"","palette":"23","type":" ","spec":"Intent Instagram URL %s.inputOnly "},{"code":"Uri uri \u003d Uri.parse(\"%s\"); Intent likeIng \u003d new Intent(Intent.ACTION_VIEW, uri); likeIng.setPackage(\"org.telegram.messenger\"); try { startActivity(likeIng); } catch (ActivityNotFoundException e) { startActivity(new Intent(Intent.ACTION_VIEW, Uri.parse(\"https://t.me/sketchware_kurdish\"))); }","color":"#FF37ABE8","name":"Telegram","typeName":"","palette":"23","type":" ","spec":"Intent Telegram URL %s.inputOnly "},{"code":"Uri uri \u003d Uri.parse(\"%s\"); Intent likeIng \u003d new Intent(Intent.ACTION_VIEW, uri); likeIng.setPackage(\"com.snapchat.android\"); try { startActivity(likeIng); } catch (ActivityNotFoundException e) { startActivity(new Intent(Intent.ACTION_VIEW, Uri.parse(\"https://t.me/sketchware_kurdish\"))); }","color":"#FFFFEA00","name":"Snapchat","typeName":"","palette":"23","type":" ","spec":"Intent Snapchat URL %s.inputOnly "},{"code":"Uri uri \u003d Uri.parse(\"%s\"); Intent likeIng \u003d new Intent(Intent.ACTION_VIEW, uri); likeIng.setPackage(\"com.twitter.android\"); try { startActivity(likeIng); } catch (ActivityNotFoundException e) { startActivity(new Intent(Intent.ACTION_VIEW, Uri.parse(\"https://t.me/sketchware_kurdish\"))); }","color":"#FF37ABE8","name":"Twitter","typeName":"","palette":"23","type":" ","spec":"Intent Twitter URL %s.inputOnly "},{"code":"Uri uri \u003d Uri.parse(\"%s\"); Intent likeIng \u003d new Intent(Intent.ACTION_VIEW, uri); likeIng.setPackage(\"com.google.android.youtube\"); try { startActivity(likeIng); } catch (ActivityNotFoundException e) { startActivity(new Intent(Intent.ACTION_VIEW, Uri.parse(\"https://t.me/sketchware_kurdish\"))); }","color":"#FFF44336","name":"Youtube","typeName":"","palette":"23","type":" ","spec":"Intent Youtube URL %s.inputOnly "},{"code":"Uri uri \u003d Uri.parse(\"%s\"); Intent likeIng \u003d new Intent(Intent.ACTION_VIEW, uri); likeIng.setPackage(\"com.android.vending\"); try { startActivity(likeIng); } catch (ActivityNotFoundException e) { startActivity(new Intent(Intent.ACTION_VIEW, Uri.parse(\"https://t.me/sketchware_kurdish\"))); }","color":"#FFFFC107","name":"Play Store","typeName":"","palette":"23","type":" ","spec":"Intent Play Store URL %s.inputOnly "}]