[{"code":"startActivity(new android.content.Intent(android.app.DownloadManager.ACTION_VIEW_DOWNLOADS))","color":"#FF0040FF","name":"","typeName":"","palette":"14","type":" ","spec":"Intent - Open dowloads"},{"code":"Intent intent \u003d new Intent(\"android.intent.action.MAIN\");\nintent.setClassName(%s,%s);\nthis.startActivity(intent);","name":"Open other class","palette":"14","type":" ","spec":"package name %s class package %s"},{"code":"finishAffinity();","color":"#FF0040FF","name":"","typeName":"","palette":"14","type":" ","spec":"Close App"},{"code":"Intent open_nfc \u003d new Intent(android.provider.Settings.ACTION_NFC_SETTINGS);\nstartActivity(open_nfc);","color":"#FF0040FF","name":"","typeName":"","palette":"14","type":" ","spec":"Intent - Open NFC settings"},{"code":"Intent open_privacy \u003d new Intent(android.provider.Settings.ACTION_PRIVACY_SETTINGS);\nstartActivity(open_privacy);","color":"#FF0040FF","name":"","typeName":"","palette":"14","type":" ","spec":"Intent - Open PRIVACY settings"},{"code":"Intent open_wifiip \u003d new Intent(android.provider.Settings.ACTION_WIFI_IP_SETTINGS\n);\nstartActivity(open_wifiip);","color":"#FF0040FF","name":"","typeName":"","palette":"14","type":" ","spec":"Intent - Open WIFI IP settings"},{"code":"startActivity(new Intent(Intent.ACTION_VIEW, Uri.parse(\"https://%1$s\")));","color":"#FF795548","name":"Open Link ","typeName":"","palette":"14","type":" ","spec":"open Link %s.inputOnly"},{"code":"","color":"#000000","name":"","typeName":"","palette":"14","type":"h","spec":"Open specific setting"},{"code":"Intent intent \u003d new Intent(android.provider.Settings.ACTION_ACCESSIBILITY_SETTINGS);\nstartActivityForResult(intent, 0);","color":"#000000","name":"oppen accessibility settings","typeName":"","palette":"14","type":" ","spec":"open accessibility settings"},{"code":"Intent intent \u003d new Intent(android.provider.Settings.ACTION_ADD_ACCOUNT);\nstartActivityForResult(intent, 0);","color":"#000000","name":"open add accout device settings","typeName":"","palette":"14","type":" ","spec":"open add account device settings"},{"code":"Intent intent \u003d new Intent(android.provider.Settings.ACTION_AIRPLANE_MODE_SETTINGS);\nstartActivityForResult(intent, 0);","color":"#000000","name":"open aireplan settings","typeName":"","palette":"14","type":" ","spec":"open airplane settings"},{"code":"Intent intent \u003d new Intent(android.provider.Settings.ACTION_APN_SETTINGS);\nstartActivityForResult(intent, 0);","color":"#000000","name":"open APN settings ","typeName":"","palette":"14","type":" ","spec":"open APN settings"},{"code":"Intent intent \u003d new Intent(android.provider.Settings.ACTION_APPLICATION_DEVELOPMENT_SETTINGS);\nstartActivityForResult(intent, 0);","color":"#000000","name":"open Developer options ","typeName":"","palette":"14","type":" ","spec":"open Developper Options"},{"code":"Intent myAppSettings \u003d new Intent(android.provider.Settings.ACTION_APPLICATION_DETAILS_SETTINGS, Uri.parse(\"package:\" + getPackageName())); myAppSettings.addCategory(Intent.CATEGORY_DEFAULT); myAppSettings.setFlags(Intent.FLAG_ACTIVITY_NEW_TASK); startActivity(myAppSettings); ","color":"#000000","name":"open your app settings","typeName":"","palette":"14","type":" ","spec":"open your app settings"},{"code":"Intent callSettingIntent\u003d new Intent(android.provider.Settings.ACTION_MANAGE_OVERLAY_PERMISSION); startActivity(callSettingIntent);","color":"#000000","name":"open display over the apps settings ","typeName":"","palette":"14","type":" ","spec":"open display over the apps setings"},{"code":"Intent callSettingIntent\u003d new Intent(android.provider.Settings.ACTION_FINGERPRINT_ENROLL); startActivity(callSettingIntent);","color":"#000000","name":"open fingerprint settings","typeName":"","palette":"14","type":" ","spec":"open fingerprint settings"},{"code":"Intent callSettingIntent\u003d new Intent(android.provider.Settings.ACTION_BATTERY_SAVER_SETTINGS); startActivity(callSettingIntent);","color":"#000000","name":"open battery saver settings","typeName":"","palette":"14","type":" ","spec":"open battery saver settings "},{"code":"Intent callSettingIntent\u003d new Intent(android.provider.Settings.ACTION_DATA_ROAMING_SETTINGS); startActivity(callSettingIntent);","color":"#000000","name":"open data settingns to choose 3g or 4g","typeName":"","palette":"14","type":" ","spec":"open mobile data settings 3g/4g"},{"code":"Intent callSettingIntent\u003d new Intent(android.provider.Settings.ACTION_DATE_SETTINGS); startActivity(callSettingIntent);","color":"#000000","name":"open settings date and time","typeName":"","palette":"14","type":" ","spec":"open date and time settings"},{"code":"Intent callSettingIntent\u003d new Intent(android.provider.Settings.ACTION_DISPLAY_SETTINGS);\n            startActivity(callSettingIntent);","color":"#000000","name":"open display settings","typeName":"","palette":"14","type":" ","spec":"open display settings"},{"code":"Intent callSettingIntent\u003d new Intent(android.provider.Settings.ACTION_IGNORE_BATTERY_OPTIMIZATION_SETTINGS);\n       startActivity(callSettingIntent);","color":"#000000","name":"open battery obtimization settings","typeName":"","palette":"14","type":" ","spec":"open battery optimization settings"},{"code":"Intent callSettingIntent\u003d new Intent(android.provider.Settings.ACTION_INPUT_METHOD_SETTINGS);\n startActivity(callSettingIntent);","color":"#000000","name":"open manage/choose keyboards settings ","typeName":"","palette":"14","type":" ","spec":"open manage/choose keyboard settings"},{"code":"Intent callSettingIntent\u003d new Intent(android.provider.Settings.ACTION_INTERNAL_STORAGE_SETTINGS);\n            startActivity(callSettingIntent);","color":"#000000","name":"open storage settings","typeName":"","palette":"14","type":" ","spec":"open storage settings"},{"code":"Intent callSettingIntent\u003d new Intent(android.provider.Settings.ACTION_MANAGE_ALL_APPLICATIONS_SETTINGS);\n            startActivity(callSettingIntent);\n","color":"#000000","name":"open app manager settings","typeName":"","palette":"14","type":" ","spec":"open app manager settings"},{"code":"Intent callSettingIntent\u003d new Intent(android.provider.Settings.ACTION_NIGHT_DISPLAY_SETTINGS);\nstartActivity(callSettingIntent);","color":"#000000","name":"open night display settings","typeName":"","palette":"14","type":" ","spec":"open night display setings"},{"code":"Intent callSettingIntent\u003d new Intent(android.provider.Settings.ACTION_PRIVACY_SETTINGS);\nstartActivity(callSettingIntent);","color":"#000000","name":"open privacy/backup settings ","typeName":"","palette":"14","type":" ","spec":"open privacy/backup settings"},{"code":"Intent callSettingIntent\u003d new Intent(android.provider.Settings.ACTION_SECURITY_SETTINGS);\nstartActivity(callSettingIntent);","color":"#000000","name":"open security settings","typeName":"","palette":"14","type":" ","spec":"open security settings"},{"code":"String packageName;\npackageName \u003d %1$s;\ntry {\n    Intent intent \u003d new Intent(android.provider.Settings.ACTION_APPLICATION_DETAILS_SETTINGS);\n    intent.setData(Uri.parse(\"package:\" + packageName));\n    startActivity(intent);\n\n} catch ( ActivityNotFoundException e ) {\n    //e.printStackTrace(); \n    Intent intent \u003d new Intent(android.provider.Settings.ACTION_MANAGE_APPLICATIONS_SETTINGS);\n    startActivity(intent);\n}","color":"#17B978","name":"open any app details setting using pkg name","typeName":"","palette":"14","type":" ","spec":"open details setting for app %s 👈pkg name🇩🇿."},{"code":"Intent callSettingIntent\u003d new Intent(android.provider.Settings.ACTION_SOUND_SETTINGS);\nstartActivity(callSettingIntent);","color":"#000000","name":"open volume settings","typeName":"","palette":"14","type":" ","spec":"open Volume settings"},{"code":"Intent callSettingIntent\u003d new Intent(android.provider.Settings.ACTION_VPN_SETTINGS);\nstartActivity(callSettingIntent);","color":"#204051","name":"open VPN settings ","typeName":"","palette":"14","type":" ","spec":"open VPN settings"},{"code":"Intent callSettingIntent\u003d new Intent(android.provider.Settings.ACTION_WEBVIEW_SETTINGS);\nstartActivity(callSettingIntent);","color":"#000000","name":"open settings choose webview","typeName":"","palette":"14","type":" ","spec":"open settings to choose default webview "}]