[{"code":"//This block is arranged and coded by CyberAlpha PH","color":"#7B7B7B","name":"Diamo","typeName":"","palette":"16","type":"h","spec":"IOS Dialog Style"},{"code":"iOSDialogBuilder %1$s \u003d new iOSDialogBuilder(%2$s.this);\n%1$s\n%3$s\n.build().show();","color":"#7B7B7B","name":"IOSDialogv2","typeName":"","palette":"16","type":"c","spec":"IOS Dialog %s.inputOnly to %m.activity "},{"code":".setTitle(%1$s)","color":"#7B7B7B","name":"title","typeName":"","palette":"16","type":" ","spec":"Set Title%s"},{"code":".setSubtitle(%1$s) \t","color":"#7B7B7B","name":"Message","typeName":"","palette":"16","type":" ","spec":"Set Message %s"},{"code":".setBoldPositiveLabel(%1$s)","color":"#7B7B7B","name":"Bold","typeName":"","palette":"16","type":" ","spec":"SetBoldPositive %b"},{"code":"\t.setCancelable(%1$s)","color":"#7B7B7B","name":"Cancelable","typeName":"","palette":"16","type":" ","spec":"Set Cancelable %b"},{"code":".setPositiveListener(%1$s,new iOSDialogClickListener() \n{ \t @Override \t public void onClick(iOSDialog dialog) { \t\t\n%2$s\t \n}\n})\t","color":"#7B7B7B","name":"Positive Listener","typeName":"","palette":"16","type":"c","spec":"Set Positive Listener %s"},{"code":".setNegativeListener(%1$s, new iOSDialogClickListener() \n{ \t \n@Override \t public void onClick(iOSDialog dialog) { \t\t\n%2$s\n}\n})","color":"#7B7B7B","name":"Negative","typeName":"","palette":"16","type":"c","spec":"Set Negative Listener %s"},{"code":"dialog.dismiss(); ","color":"#7B7B7B","name":"Dismiss","typeName":"","palette":"16","type":" ","spec":"Dismiss"}]